{
    "avg_pred": 0.5317133244588846,
    "roc_auc": 0.963407922667695
}