{
    "avg_pred": 0.5126965058700619,
    "roc_auc": 0.9567420546822061
}